{"cameraMode":{"drawMode":0,"name":"Shaded","section":"Shading Mode"},"sceneLighting":true,"audioPlay":false,"sceneViewState":{"m_AlwaysRefresh":false,"showFog":true,"showSkybox":true,"showFlares":true,"showImageEffects":true,"showParticleSystems":true,"showVisualEffectGraphs":true,"m_FxEnabled":true},"in2DMode":false,"pivot":{"x":3.4912190437316896,"y":4.0514750480651859,"z":3.6948132514953615},"rotation":{"x":-0.18642272055149079,"y":0.8033148050308228,"z":-0.32207462191581728,"w":-0.4649735391139984},"size":13.967296600341797,"orthographic":false}